{
	"format_version": "1.17.30",
	"animation_controllers": {
		"controller.animation.bedwars.health_display": { //玩家血量计入计分板
			"states": {
				"default": {
					"transitions": [
						{
							"health0": "!query.is_alive"
						},
						{
							"health1": "query.health == 1"
						},
						{
							"health2": "query.health == 2"
						},
						{
							"health3": "query.health == 3"
						},
						{
							"health4": "query.health == 4"
						},
						{
							"health5": "query.health == 5"
						},
						{
							"health6": "query.health == 6"
						},
						{
							"health7": "query.health == 7"
						},
						{
							"health8": "query.health == 8"
						},
						{
							"health9": "query.health == 9"
						},
						{
							"health10": "query.health == 10"
						},
						{
							"health11": "query.health == 11"
						},
						{
							"health12": "query.health == 12"
						},
						{
							"health13": "query.health == 13"
						},
						{
							"health14": "query.health == 14"
						},
						{
							"health15": "query.health == 15"
						},
						{
							"health16": "query.health == 16"
						},
						{
							"health17": "query.health == 17"
						},
						{
							"health18": "query.health == 18"
						},
						{
							"health19": "query.health == 19"
						},
						{
							"health20": "query.health == 20"
						},
						{
							"health21": "query.health == 21"
						},
						{
							"health22": "query.health == 22"
						},
						{
							"health23": "query.health == 23"
						},
						{
							"health24": "query.health == 24"
						}
					]
				},
				"health0": {
					"transitions": [
						{
							"default": "query.health != 0"
						}
					],
					"on_entry": [
						"/scoreboard players set @s health 0"
					]
				},
				"health1": {
					"transitions": [
						{
							"default": "query.health != 1"
						}
					],
					"on_entry": [
						"/scoreboard players set @s health 1"
					]
				},
				"health2": {
					"transitions": [
						{
							"default": "query.health != 2"
						}
					],
					"on_entry": [
						"/scoreboard players set @s health 2"
					]
				},
				"health3": {
					"transitions": [
						{
							"default": "query.health != 3"
						}
					],
					"on_entry": [
						"/scoreboard players set @s health 3"
					]
				},
				"health4": {
					"transitions": [
						{
							"default": "query.health != 4"
						}
					],
					"on_entry": [
						"/scoreboard players set @s health 4"
					]
				},
				"health5": {
					"transitions": [
						{
							"default": "query.health != 5"
						}
					],
					"on_entry": [
						"/scoreboard players set @s health 5"
					]
				},
				"health6": {
					"transitions": [
						{
							"default": "query.health != 6"
						}
					],
					"on_entry": [
						"/scoreboard players set @s health 6"
					]
				},
				"health7": {
					"transitions": [
						{
							"default": "query.health != 7"
						}
					],
					"on_entry": [
						"/scoreboard players set @s health 7"
					]
				},
				"health8": {
					"transitions": [
						{
							"default": "query.health != 8"
						}
					],
					"on_entry": [
						"/scoreboard players set @s health 8"
					]
				},
				"health9": {
					"transitions": [
						{
							"default": "query.health != 9"
						}
					],
					"on_entry": [
						"/scoreboard players set @s health 9"
					]
				},
				"health10": {
					"transitions": [
						{
							"default": "query.health != 10"
						}
					],
					"on_entry": [
						"/scoreboard players set @s health 10"
					]
				},
				"health11": {
					"transitions": [
						{
							"default": "query.health != 11"
						}
					],
					"on_entry": [
						"/scoreboard players set @s health 11"
					]
				},
				"health12": {
					"transitions": [
						{
							"default": "query.health != 12"
						}
					],
					"on_entry": [
						"/scoreboard players set @s health 12"
					]
				},
				"health13": {
					"transitions": [
						{
							"default": "query.health != 13"
						}
					],
					"on_entry": [
						"/scoreboard players set @s health 13"
					]
				},
				"health14": {
					"transitions": [
						{
							"default": "query.health != 14"
						}
					],
					"on_entry": [
						"/scoreboard players set @s health 14"
					]
				},
				"health15": {
					"transitions": [
						{
							"default": "query.health != 15"
						}
					],
					"on_entry": [
						"/scoreboard players set @s health 15"
					]
				},
				"health16": {
					"transitions": [
						{
							"default": "query.health != 16"
						}
					],
					"on_entry": [
						"/scoreboard players set @s health 16"
					]
				},
				"health17": {
					"transitions": [
						{
							"default": "query.health != 17"
						}
					],
					"on_entry": [
						"/scoreboard players set @s health 17"
					]
				},
				"health18": {
					"transitions": [
						{
							"default": "query.health != 18"
						}
					],
					"on_entry": [
						"/scoreboard players set @s health 18"
					]
				},
				"health19": {
					"transitions": [
						{
							"default": "query.health != 19"
						}
					],
					"on_entry": [
						"/scoreboard players set @s health 19"
					]
				},
				"health20": {
					"transitions": [
						{
							"default": "query.health != 20"
						}
					],
					"on_entry": [
						"/scoreboard players set @s health 20"
					]
				},
				"health21": {
					"transitions": [
						{
							"default": "query.health != 21"
						}
					],
					"on_entry": [
						"/scoreboard players set @s health 21"
					]
				},
				"health22": {
					"transitions": [
						{
							"default": "query.health != 22"
						}
					],
					"on_entry": [
						"/scoreboard players set @s health 22"
					]
				},
				"health23": {
					"transitions": [
						{
							"default": "query.health != 23"
						}
					],
					"on_entry": [
						"/scoreboard players set @s health 23"
					]
				},
				"health24": {
					"transitions": [
						{
							"default": "query.health != 24"
						}
					],
					"on_entry": [
						"/scoreboard players set @s health 24"
					]
				}
			}
		}
	}
}