{
	"format_version": "1.16.100",
	"minecraft:item": {
		"description": {
			"identifier": "bedwars:blue_team_boots",
			"category": "equipment"
		},
		"components": {
			// Boots category
			"minecraft:creative_category": {
				"parent": "itemGroup.name.boots"
			},
			"minecraft:icon": {
				"texture": "blue_team_boots"
			},
			"minecraft:display_name": {
				"value": "Blue leather boots"
			},
			"minecraft:max_stack_size": 1,
			// Enchantable Feet
			"minecraft:enchantable": {
				"value": 10,
				"slot": "armor_feet"
			},
			"minecraft:armor": {
				"protection": 1
			},

			// Feet slot
			"minecraft:wearable": {
				"dispensable": true,
				"slot": "slot.armor.feet"
			},
			"minecraft:durability": {
				"max_durability": 25565
			}
		}
	}
}