{
	"format_version": "1.16.100",
	"minecraft:item": {
		"description": {
			"identifier": "bedwars:blue_team_chestplate",
			// Notice we give it the equipment category
			"category": "equipment"
		},
		"components": {
			// Make sure it appears within the chestplate category
			"minecraft:creative_category": {
				"parent": "itemGroup.name.chestplate"
			},
			// The icon we want to use in our INVENTORY
			"minecraft:icon": {
				"texture": "blue_team_chestplate"
			},
			// We give it a name
			"minecraft:display_name": {
				"value": "Blue leather chestplate"
			},
			// We dont want it to stack
			"minecraft:max_stack_size": 1,
			// We make sure it can only receive enchantments for chest pieces
			"minecraft:enchantable": {
				"value": 10,
				"slot": "armor_torso"
			},
			// This tells it how much protection it should give
			"minecraft:armor": {
				"protection": 3
			},

			// Mark it as a wearable and that it goes in the chest slot
			"minecraft:wearable": {
				"dispensable": true,
				"slot": "slot.armor.chest"
			},
			// Provide its durability
			"minecraft:durability": {
				"max_durability": 25565
			}
		}
	}
}