{
  "format_version": "1.16.100",
  "minecraft:item": {
    "description": {
      "identifier": "bedwars:xp_bottle"
    },

    "components": {
     // This texture is used for both inventory and the hand model
     "minecraft:icon": {
       "texture": "experience_bottle"
     },
     "minecraft:display_name": {
       "value": "§aXP Bottle §7100 levels"
     },
     "minecraft:on_use": {
      "on_use": {
        "event": "bedwars:get_bottle_xp",
        "target": "self"
     }
   }
    },
    "events":{
      "bedwars:get_bottle_xp":{
        "run_command":{
          "command":[
            "tag @s[scores={分队=1..2,\"存活\"=1}] add get_bottle_xp",
            "execute @e[type=armor_stand,name=main,scores={gameSTART=0}] ~~~ tag @a remove get_bottle_xp",
            "execute @s[tag=get_bottle_xp] ~~~ tellraw @s { \"rawtext\" : [ { \"text\" : \"§f§lXP bottle >> §6You used an XP bottle and got 100 levels\" } ] }",
            "execute @s[tag=get_bottle_xp] ~~~ xp 100L @s",
            "execute @s[tag=!get_bottle_xp] ~~~ tellraw @s { \"rawtext\" : [ { \"text\" : \"§cYou don't have permission to do this.\" } ] }",
            "tag @s remove get_bottle_xp",
            "clear @s bedwars:xp_bottle 0 1"
            ]
          }
      }
    }
  }
}