{
	"format_version": "1.16.100",
	"minecraft:item": {
		"description": {
			"identifier": "bedwars:red_team_leggings",
			"category": "equipment"
		},
		"components": {
			// We give it the leggings category this time
			"minecraft:creative_category": {
				"parent": "itemGroup.name.leggings"
			},
			// Give it an applicable ITEM texture
			"minecraft:icon": {
				"texture": "red_team_leggings"
			},
			"minecraft:display_name": {
				"value": "Red leather leggings"
			},
			"minecraft:max_stack_size": 1,
			// Make sure the enchantments are for legs
			"minecraft:enchantable": {
				"value": 10,
				"slot": "armor_legs"
			},
			"minecraft:armor": {
				"protection": 2
			},

			// Make sure the wearable slot is legs
			"minecraft:wearable": {
				"dispensable": true,
				"slot": "slot.armor.legs"
			},
			"minecraft:durability": {
				"max_durability": 25565
			}
		}
	}
}