{
	"format_version": "1.16.100",
	"minecraft:item": {
		"description": {
			"identifier": "bedwars:wooden_sword_sharpnessI",
			// Notice we give it the equipment category
			"category": "equipment"
		},
		"components": {
            "minecraft:foil": true,
			// This allows us to have the sword in the creative category of swords
			"minecraft:creative_category": {
				"parent": "itemGroup.name.sword"
			},
			"minecraft:max_stack_size": 1,
			// This is a new change as we want it to be equippable in the hand
			"minecraft:hand_equipped": true,
			"minecraft:durability": {
				"max_durability": 25565
			},
			// Give it however much damage you want
			"minecraft:damage": 5,
			// We also let it be enchantable in the "sword" slot
			"minecraft:enchantable": {
				"value": 10,
				"slot": "sword"
			},
			// This texture is used for both inventory and the hand model
			"minecraft:icon": {
				"texture": "wooden_sword"
			},
			"minecraft:display_name": {
				"value": "Wooden Sword\n§7Sharpness I\n\n§9+5 Attack Damage"
			}
		}
	}
}