{
    "format_version": "1.16.0",
    "minecraft:entity": {
        "description": {
            "identifier": "bedwars:block_mark",
            "is_spawnable": true,
            "is_summonable": true,
            "is_experimental": false
        },
        "component_groups": {
            "bedwars:remove_mark":{
                "minecraft:instant_despawn":{}
              }
        },
        "components":{
              "minecraft:custom_hit_test": { 
				"hitboxes": [
					{
						"pivot": [0, 100, 0],
						"width": 0,
						"height": 0
					}
				]
			},
			"minecraft:damage_sensor": {
				"triggers": {
					"deals_damage": false
				}
			},
			"minecraft:pushable": {
				"is_pushable": false,
				"is_pushable_by_piston": false
			},
			"minecraft:collision_box": {
				"width": 0.0001,
				"height": 0.0001
			}
        },
        "events":{
            "bedwars:mark_spawned":{
                "run_command":{
                    "command":[
                        //底部
                        "tag @e[type=bedwars:block_mark,x=-63,y=90,z=-63,dx=127,dy=83,dz=127] add remove_block",
                        //红家
                        "tag @e[type=bedwars:block_mark,x=-5,y=183,z=52,dx=10,dy=5,dz=6] add remove_block",
                        //蓝家
                        "tag @e[type=bedwars:block_mark,x=-5,y=183,z=-58,dx=10,dy=5,dz=6] add remove_block",
                        //顶部
                        "tag @e[type=bedwars:block_mark,x=-63,y=205,z=-63,dx=127,dy=10,dz=127] add remove_block",
                        //侧面
                        "tag @e[type=bedwars:block_mark,x=-68,y=90,z=-68,dx=5,dy=127,dz=5] add remove_block",
                        "tag @e[type=bedwars:block_mark,x=63,y=90,z=-68,dx=5,dy=127,dz=5] add remove_block",
                        "tag @e[type=bedwars:block_mark,x=-68,y=90,z=63,dx=5,dy=127,dz=5] add remove_block",
                        "tag @e[type=bedwars:block_mark,x=63,y=90,z=63,dx=5,dy=127,dz=5] add remove_block",
                        "execute @s[tag=remove_block] ~~~ setblock ~~~ air",
                        "execute @s[tag=remove_block] ~~~ particle minecraft:redstone_ore_dust_particle ~~~",
                        "execute @s[tag=remove_block] ~~~ particle minecraft:redstone_ore_dust_particle ~~~",
                        "event entity @s bedwars:remove_mark"
                    ],
					"target": "self"
                }
            },
        "bedwars:remove_mark":{
          "add": {
            "component_groups": [ "bedwars:remove_mark" ]
                }
            }
        }
    }
}