{
    "format_version": "1.16.0",
    "minecraft:entity": {
        "description": {
            "identifier": "bedwars:fangyuta_mark",
            "is_spawnable": true,
            "is_summonable": true,
            "is_experimental": false,
            "scripts": {
              "animate": [
                "fangyuta_animation_controller"
              ]
            },
            "animations": {
              "fangyuta_animation_controller": "controller.animation.command.fangyuta_timer",
              "fangyuta_animation": "animation.command.fangyuta_timeline"
            }
        },
        "components":{
              "minecraft:custom_hit_test": { 
				"hitboxes": [
					    {
						"pivot": [0, 100, 0],
						"width": 0,
						"height": 0
					    }
				    ]
			    },
			"minecraft:damage_sensor": {
				"triggers": {
					"deals_damage": false
				    }
			    },
			"minecraft:pushable": {
				"is_pushable": false,
				"is_pushable_by_piston": false
			    },
			"minecraft:collision_box": {
				"width": 0.0001,
				"height": 0.0001
			    }
        },
        "component_groups": {
            "bedwars:remove_mark":{
                "minecraft:instant_despawn":{}
              }
        },
        "events":{
        "bedwars:remove_mark":{
          "add": {
            "component_groups": [ "bedwars:remove_mark" ]
                }
            }
        }
    }
}