{
  "pools": [
    {
      "rolls": 1,
      "entries": [
        {
          "type": "item",
          "name": "minecraft:iron_leggings",
          "functions": [
            {
              "function": "specific_enchants",
              "enchants": [
                {
                  "id": "protection",
                  "level": 3
                },
                {
                  "id": "binding_curse"
                }
              ]
            }
          ]
        }
      ]
    }
  ]
}