{
	"format_version": "1.8.0",
	"animations": {
		"animation.command.fangyuta_timeline": {
			"animation_length": 3.1,
            "loop": false,
			"timeline": {
				"0.0": [
						"/setblock ~~~ air",
						"/execute @s[scores={fangyuta_team=1}] ~~~ fill ~-1 ~ ~-2 ~1 ~ ~-2 bedwars:red_wool_particle 0 keep",
						"/execute @s[scores={fangyuta_team=1}] ~~~ fill ~2 ~ ~-1 ~2 ~ ~1 bedwars:red_wool_particle 0 keep",
						"/execute @s[scores={fangyuta_team=1}] ~~~ fill ~1 ~ ~2 ~-1 ~ ~2 bedwars:red_wool_particle 0 keep",
						"/execute @s[scores={fangyuta_team=1}] ~~~ fill ~-2 ~ ~1 ~-2 ~ ~-1 bedwars:red_wool_particle 0 keep",
						"/execute @s[scores={fangyuta_team=2}] ~~~ fill ~-1 ~ ~-2 ~1 ~ ~-2 bedwars:blue_wool_particle 0 keep",
						"/execute @s[scores={fangyuta_team=2}] ~~~ fill ~2 ~ ~-1 ~2 ~ ~1 bedwars:blue_wool_particle 0 keep",
						"/execute @s[scores={fangyuta_team=2}] ~~~ fill ~1 ~ ~2 ~-1 ~ ~2 bedwars:blue_wool_particle 0 keep",
						"/execute @s[scores={fangyuta_team=2}] ~~~ fill ~-2 ~ ~1 ~-2 ~ ~-1 bedwars:blue_wool_particle 0 keep",
						"/execute @s[rym=-135,ry=-45] ~~~ fill ~2 ~ ~ ~2 ~ ~ air 0 replace bedwars:player_red_wool",
						"/execute @s[rym=-45,ry=45] ~~~ fill ~ ~ ~2 ~ ~ ~2 air 0 replace bedwars:player_red_wool",
						"/execute @s[rym=45,ry=135] ~~~ fill ~-2 ~ ~ ~-2 ~ ~ air 0 replace bedwars:player_red_wool",
						"/execute @s[rym=135,ry=180] ~~~ fill ~ ~ ~-2 ~ ~ ~-2 air 0 replace bedwars:player_red_wool",
						"/execute @s[rym=-180,ry=-135] ~~~ fill ~ ~ ~-2 ~ ~ ~-2 air 0 replace bedwars:player_red_wool",
						"/execute @s[rym=-135,ry=-45] ~~~ fill ~2 ~ ~ ~2 ~ ~ air 0 replace bedwars:player_blue_wool",
						"/execute @s[rym=-45,ry=45] ~~~ fill ~ ~ ~2 ~ ~ ~2 air 0 replace bedwars:player_blue_wool",
						"/execute @s[rym=45,ry=135] ~~~ fill ~-2 ~ ~ ~-2 ~ ~ air 0 replace bedwars:player_blue_wool",
						"/execute @s[rym=135,ry=180] ~~~ fill ~ ~ ~-2 ~ ~ ~-2 air 0 replace bedwars:player_blue_wool",
						"/execute @s[rym=-180,ry=-135] ~~~ fill ~ ~ ~-2 ~ ~ ~-2 air 0 replace bedwars:player_blue_wool",

						"/execute @s[rym=45,ry=135] ~~~ setblock ~1 ~ ~ ladder 4 keep",
						"/execute @s[rym=135,ry=180] ~~~ setblock ~ ~ ~1 ladder 2 keep",
						"/execute @s[rym=-180,ry=-135] ~~~ setblock ~ ~ ~1 ladder 2 keep",
						"/execute @s[rym=-135,ry=-45] ~~~ setblock ~-1 ~ ~ ladder 5 keep",
						"/execute @s[rym=-45,ry=45] ~~~ setblock ~ ~ ~-1 ladder 3 keep"

				],
				"0.2": [
					"/execute @s[scores={fangyuta_team=1}] ~~~ fill ~-1 ~1 ~-2 ~1 ~1 ~-2 bedwars:red_wool_particle 0 keep",
					"/execute @s[scores={fangyuta_team=1}] ~~~ fill ~2 ~1 ~-1 ~2 ~1 ~1 bedwars:red_wool_particle 0 keep",
					"/execute @s[scores={fangyuta_team=1}] ~~~ fill ~1 ~1 ~2 ~-1 ~1 ~2 bedwars:red_wool_particle 0 keep",
					"/execute @s[scores={fangyuta_team=1}] ~~~ fill ~-2 ~1 ~1 ~-2 ~1 ~-1 bedwars:red_wool_particle 0 keep",
					"/execute @s[scores={fangyuta_team=2}] ~~~ fill ~-1 ~1 ~-2 ~1 ~1 ~-2 bedwars:blue_wool_particle 0 keep",
					"/execute @s[scores={fangyuta_team=2}] ~~~ fill ~2 ~1 ~-1 ~2 ~1 ~1 bedwars:blue_wool_particle 0 keep",
					"/execute @s[scores={fangyuta_team=2}] ~~~ fill ~1 ~1 ~2 ~-1 ~1 ~2 bedwars:blue_wool_particle 0 keep",
					"/execute @s[scores={fangyuta_team=2}] ~~~ fill ~-2 ~1 ~1 ~-2 ~1 ~-1 bedwars:blue_wool_particle 0 keep",
					"/execute @s[rym=-135,ry=-45] ~~~ fill ~2 ~1 ~ ~2 ~1 ~ air 0 replace bedwars:player_red_wool",
					"/execute @s[rym=-45,ry=45] ~~~ fill ~ ~1 ~2 ~ ~1 ~2 air 0 replace bedwars:player_red_wool",
					"/execute @s[rym=45,ry=135] ~~~ fill ~-2 ~1 ~ ~-2 ~1 ~ air 0 replace bedwars:player_red_wool",
					"/execute @s[rym=135,ry=180] ~~~ fill ~ ~1 ~-2 ~ ~1 ~-2 air 0 replace bedwars:player_red_wool",
					"/execute @s[rym=-180,ry=-135] ~~~ fill ~ ~1 ~-2 ~ ~1 ~-2 air 0 replace bedwars:player_red_wool",
					"/execute @s[rym=-135,ry=-45] ~~~ fill ~2 ~1 ~ ~2 ~1 ~ air 0 replace bedwars:player_blue_wool",
					"/execute @s[rym=-45,ry=45] ~~~ fill ~ ~1 ~2 ~ ~1 ~2 air 0 replace bedwars:player_blue_wool",
					"/execute @s[rym=45,ry=135] ~~~ fill ~-2 ~1 ~ ~-2 ~1 ~ air 0 replace bedwars:player_blue_wool",
					"/execute @s[rym=135,ry=180] ~~~ fill ~ ~1 ~-2 ~ ~1 ~-2 air 0 replace bedwars:player_blue_wool",
					"/execute @s[rym=-180,ry=-135] ~~~ fill ~ ~1 ~-2 ~ ~1 ~-2 air 0 replace bedwars:player_blue_wool",

					"/execute @s[rym=45,ry=135] ~~~ setblock ~1 ~1 ~ ladder 4 keep",
					"/execute @s[rym=135,ry=180] ~~~ setblock ~ ~1 ~1 ladder 2 keep",
					"/execute @s[rym=-180,ry=-135] ~~~ setblock ~ ~1 ~1 ladder 2 keep",
					"/execute @s[rym=-135,ry=-45] ~~~ setblock ~-1 ~1 ~ ladder 5 keep",
					"/execute @s[rym=-45,ry=45] ~~~ setblock ~ ~1 ~-1 ladder 3 keep"
				],
				"0.4": [
					"/execute @s[scores={fangyuta_team=1}] ~~~ fill ~-1 ~2 ~-2 ~1 ~2 ~-2 bedwars:red_wool_particle 0 keep",
					"/execute @s[scores={fangyuta_team=1}] ~~~ fill ~2 ~2 ~-1 ~2 ~2 ~1 bedwars:red_wool_particle 0 keep",
					"/execute @s[scores={fangyuta_team=1}] ~~~ fill ~1 ~2 ~2 ~-1 ~2 ~2 bedwars:red_wool_particle 0 keep",
					"/execute @s[scores={fangyuta_team=1}] ~~~ fill ~-2 ~2 ~1 ~-2 ~2 ~-1 bedwars:red_wool_particle 0 keep",
					"/execute @s[scores={fangyuta_team=2}] ~~~ fill ~-1 ~2 ~-2 ~1 ~2 ~-2 bedwars:blue_wool_particle 0 keep",
					"/execute @s[scores={fangyuta_team=2}] ~~~ fill ~2 ~2 ~-1 ~2 ~2 ~1 bedwars:blue_wool_particle 0 keep",
					"/execute @s[scores={fangyuta_team=2}] ~~~ fill ~1 ~2 ~2 ~-1 ~2 ~2 bedwars:blue_wool_particle 0 keep",
					"/execute @s[scores={fangyuta_team=2}] ~~~ fill ~-2 ~2 ~1 ~-2 ~2 ~-1 bedwars:blue_wool_particle 0 keep",
					"/execute @s[rym=-135,ry=-45] ~~~ fill ~2 ~2 ~ ~2 ~2 ~ air 0 replace bedwars:player_red_wool",
					"/execute @s[rym=-45,ry=45] ~~~ fill ~ ~2 ~2 ~ ~2 ~2 air 0 replace bedwars:player_red_wool",
					"/execute @s[rym=45,ry=135] ~~~ fill ~-2 ~2 ~ ~-2 ~2 ~ air 0 replace bedwars:player_red_wool",
					"/execute @s[rym=135,ry=180] ~~~ fill ~ ~2 ~-2 ~ ~2 ~-2 air 0 replace bedwars:player_red_wool",
					"/execute @s[rym=-180,ry=-135] ~~~ fill ~ ~2 ~-2 ~ ~2 ~-2 air 0 replace bedwars:player_red_wool",
					"/execute @s[rym=-135,ry=-45] ~~~ fill ~2 ~2 ~ ~2 ~2 ~ air 0 replace bedwars:player_blue_wool",
					"/execute @s[rym=-45,ry=45] ~~~ fill ~ ~2 ~2 ~ ~2 ~2 air 0 replace bedwars:player_blue_wool",
					"/execute @s[rym=45,ry=135] ~~~ fill ~-2 ~2 ~ ~-2 ~2 ~ air 0 replace bedwars:player_blue_wool",
					"/execute @s[rym=135,ry=180] ~~~ fill ~ ~2 ~-2 ~ ~2 ~-2 air 0 replace bedwars:player_blue_wool",
					"/execute @s[rym=-180,ry=-135] ~~~ fill ~ ~2 ~-2 ~ ~2 ~-2 air 0 replace bedwars:player_blue_wool",

					"/execute @s[rym=45,ry=135] ~~~ setblock ~1 ~2 ~ ladder 4 keep",
					"/execute @s[rym=135,ry=180] ~~~ setblock ~ ~2 ~1 ladder 2 keep",
					"/execute @s[rym=-180,ry=-135] ~~~ setblock ~ ~2 ~1 ladder 2 keep",
					"/execute @s[rym=-135,ry=-45] ~~~ setblock ~-1 ~2 ~ ladder 5 keep",
					"/execute @s[rym=-45,ry=45] ~~~ setblock ~ ~2 ~-1 ladder 3 keep"
				],
				"0.6": [
					"/execute @s[scores={fangyuta_team=1}] ~~~ fill ~-1 ~3 ~-2 ~1 ~3 ~-2 bedwars:red_wool_particle 0 keep",
					"/execute @s[scores={fangyuta_team=1}] ~~~ fill ~2 ~3 ~-1 ~2 ~3 ~1 bedwars:red_wool_particle 0 keep",
					"/execute @s[scores={fangyuta_team=1}] ~~~ fill ~1 ~3 ~2 ~-1 ~3 ~2 bedwars:red_wool_particle 0 keep",
					"/execute @s[scores={fangyuta_team=1}] ~~~ fill ~-2 ~3 ~1 ~-2 ~3 ~-1 bedwars:red_wool_particle 0 keep",
					"/execute @s[scores={fangyuta_team=2}] ~~~ fill ~-1 ~3 ~-2 ~1 ~3 ~-2 bedwars:blue_wool_particle 0 keep",
					"/execute @s[scores={fangyuta_team=2}] ~~~ fill ~2 ~3 ~-1 ~2 ~3 ~1 bedwars:blue_wool_particle 0 keep",
					"/execute @s[scores={fangyuta_team=2}] ~~~ fill ~1 ~3 ~2 ~-1 ~3 ~2 bedwars:blue_wool_particle 0 keep",
					"/execute @s[scores={fangyuta_team=2}] ~~~ fill ~-2 ~3 ~1 ~-2 ~3 ~-1 bedwars:blue_wool_particle 0 keep",

					"/execute @s[rym=45,ry=135] ~~~ setblock ~1 ~3 ~ ladder 4 keep",
					"/execute @s[rym=135,ry=180] ~~~ setblock ~ ~3 ~1 ladder 2 keep",
					"/execute @s[rym=-180,ry=-135] ~~~ setblock ~ ~3 ~1 ladder 2 keep",
					"/execute @s[rym=-135,ry=-45] ~~~ setblock ~-1 ~3 ~ ladder 5 keep",
					"/execute @s[rym=-45,ry=45] ~~~ setblock ~ ~3 ~-1 ladder 3 keep"
				],
				"0.8": [
					"/execute @s[scores={fangyuta_team=1}] ~~~ fill ~-1 ~4 ~-2 ~1 ~4 ~-2 bedwars:red_wool_particle 0 keep",
					"/execute @s[scores={fangyuta_team=1}] ~~~ fill ~2 ~4 ~-1 ~2 ~4 ~1 bedwars:red_wool_particle 0 keep",
					"/execute @s[scores={fangyuta_team=1}] ~~~ fill ~1 ~4 ~2 ~-1 ~4 ~2 bedwars:red_wool_particle 0 keep",
					"/execute @s[scores={fangyuta_team=1}] ~~~ fill ~-2 ~4 ~1 ~-2 ~4 ~-1 bedwars:red_wool_particle 0 keep",
					"/execute @s[scores={fangyuta_team=2}] ~~~ fill ~-1 ~4 ~-2 ~1 ~4 ~-2 bedwars:blue_wool_particle 0 keep",
					"/execute @s[scores={fangyuta_team=2}] ~~~ fill ~2 ~4 ~-1 ~2 ~4 ~1 bedwars:blue_wool_particle 0 keep",
					"/execute @s[scores={fangyuta_team=2}] ~~~ fill ~1 ~4 ~2 ~-1 ~4 ~2 bedwars:blue_wool_particle 0 keep",
					"/execute @s[scores={fangyuta_team=2}] ~~~ fill ~-2 ~4 ~1 ~-2 ~4 ~-1 bedwars:blue_wool_particle 0 keep",

					"/execute @s[rym=45,ry=135] ~~~ setblock ~1 ~4 ~ ladder 4 keep",
					"/execute @s[rym=135,ry=180] ~~~ setblock ~ ~4 ~1 ladder 2 keep",
					"/execute @s[rym=-180,ry=-135] ~~~ setblock ~ ~4 ~1 ladder 2 keep",
					"/execute @s[rym=-135,ry=-45] ~~~ setblock ~-1 ~4 ~ ladder 5 keep",
					"/execute @s[rym=-45,ry=45] ~~~ setblock ~ ~4 ~-1 ladder 3 keep"
				],
				"1.0": [
					"/execute @s[scores={fangyuta_team=1}] ~~~ fill ~-1 ~5 ~-2 ~1 ~5 ~-2 bedwars:red_wool_particle 0 keep",
					"/execute @s[scores={fangyuta_team=1}] ~~~ fill ~2 ~5 ~-1 ~2 ~5 ~1 bedwars:red_wool_particle 0 keep",
					"/execute @s[scores={fangyuta_team=1}] ~~~ fill ~1 ~5 ~2 ~-1 ~5 ~2 bedwars:red_wool_particle 0 keep",
					"/execute @s[scores={fangyuta_team=1}] ~~~ fill ~-2 ~5 ~1 ~-2 ~5 ~-2 bedwars:red_wool_particle 0 keep",
					"/execute @s[scores={fangyuta_team=2}] ~~~ fill ~-1 ~5 ~-2 ~1 ~5 ~-2 bedwars:blue_wool_particle 0 keep",
					"/execute @s[scores={fangyuta_team=2}] ~~~ fill ~2 ~5 ~-1 ~2 ~5 ~1 bedwars:blue_wool_particle 0 keep",
					"/execute @s[scores={fangyuta_team=2}] ~~~ fill ~1 ~5 ~2 ~-1 ~5 ~2 bedwars:blue_wool_particle 0 keep",
					"/execute @s[scores={fangyuta_team=2}] ~~~ fill ~-2 ~5 ~1 ~-2 ~5 ~-2 bedwars:blue_wool_particle 0 keep",

					"/execute @s[scores={fangyuta_team=1}] ~~~ setblock ~2 ~5 ~2 bedwars:red_wool_particle 0 keep",
					"/execute @s[scores={fangyuta_team=1}] ~~~ setblock ~-2 ~5 ~2 bedwars:red_wool_particle 0 keep",
					"/execute @s[scores={fangyuta_team=1}] ~~~ setblock ~2 ~5 ~-2 bedwars:red_wool_particle 0 keep",
					"/execute @s[scores={fangyuta_team=1}] ~~~ setblock ~-2 ~5 ~-2 bedwars:red_wool_particle 0 keep",

					"/execute @s[scores={fangyuta_team=1}] ~~~ setblock ~-2 ~5 ~-3 bedwars:red_wool_particle 0 keep",
					"/execute @s[scores={fangyuta_team=1}] ~~~ setblock ~ ~5 ~-3 bedwars:red_wool_particle 0 keep",
					"/execute @s[scores={fangyuta_team=1}] ~~~ setblock ~2 ~5 ~-3 bedwars:red_wool_particle 0 keep",
					"/execute @s[scores={fangyuta_team=1}] ~~~ setblock ~3 ~5 ~-2 bedwars:red_wool_particle 0 keep",
					"/execute @s[scores={fangyuta_team=1}] ~~~ setblock ~3 ~5 ~ bedwars:red_wool_particle 0 keep",
					"/execute @s[scores={fangyuta_team=1}] ~~~ setblock ~3 ~5 ~2 bedwars:red_wool_particle 0 keep",
					"/execute @s[scores={fangyuta_team=1}] ~~~ setblock ~2 ~5 ~3 bedwars:red_wool_particle 0 keep",
					"/execute @s[scores={fangyuta_team=1}] ~~~ setblock ~ ~5 ~3 bedwars:red_wool_particle 0 keep",
					"/execute @s[scores={fangyuta_team=1}] ~~~ setblock ~-2 ~5 ~3 bedwars:red_wool_particle 0 keep",
					"/execute @s[scores={fangyuta_team=1}] ~~~ setblock ~-3 ~5 ~2 bedwars:red_wool_particle 0 keep",
					"/execute @s[scores={fangyuta_team=1}] ~~~ setblock ~-3 ~5 ~-2 bedwars:red_wool_particle 0 keep",

					"/execute @s[scores={fangyuta_team=1}] ~~~ fill ~2 ~5 ~2 ~-2 ~5 ~-2 bedwars:red_wool_particle 0 keep",

					"/execute @s[scores={fangyuta_team=2}] ~~~ setblock ~2 ~5 ~2 bedwars:blue_wool_particle 0 keep",
					"/execute @s[scores={fangyuta_team=2}] ~~~ setblock ~-2 ~5 ~2 bedwars:blue_wool_particle 0 keep",
					"/execute @s[scores={fangyuta_team=2}] ~~~ setblock ~2 ~5 ~-2 bedwars:blue_wool_particle 0 keep",
					"/execute @s[scores={fangyuta_team=2}] ~~~ setblock ~-2 ~5 ~-2 bedwars:blue_wool_particle 0 keep",

					"/execute @s[scores={fangyuta_team=2}] ~~~ setblock ~-2 ~5 ~-3 bedwars:blue_wool_particle 0 keep",
					"/execute @s[scores={fangyuta_team=2}] ~~~ setblock ~ ~5 ~-3 bedwars:blue_wool_particle 0 keep",
					"/execute @s[scores={fangyuta_team=2}] ~~~ setblock ~2 ~5 ~-3 bedwars:blue_wool_particle 0 keep",
					"/execute @s[scores={fangyuta_team=2}] ~~~ setblock ~3 ~5 ~-2 bedwars:blue_wool_particle 0 keep",
					"/execute @s[scores={fangyuta_team=2}] ~~~ setblock ~3 ~5 ~ bedwars:blue_wool_particle 0 keep",
					"/execute @s[scores={fangyuta_team=2}] ~~~ setblock ~3 ~5 ~2 bedwars:blue_wool_particle 0 keep",
					"/execute @s[scores={fangyuta_team=2}] ~~~ setblock ~2 ~5 ~3 bedwars:blue_wool_particle 0 keep",
					"/execute @s[scores={fangyuta_team=2}] ~~~ setblock ~ ~5 ~3 bedwars:blue_wool_particle 0 keep",
					"/execute @s[scores={fangyuta_team=2}] ~~~ setblock ~-2 ~5 ~3 bedwars:blue_wool_particle 0 keep",
					"/execute @s[scores={fangyuta_team=2}] ~~~ setblock ~-3 ~5 ~2 bedwars:blue_wool_particle 0 keep",
					"/execute @s[scores={fangyuta_team=2}] ~~~ setblock ~-3 ~5 ~-2 bedwars:blue_wool_particle 0 keep",
					
					"/execute @s[scores={fangyuta_team=2}] ~~~ fill ~2 ~5 ~2 ~-2 ~5 ~-2 bedwars:blue_wool_particle 0 keep",

					"/execute @s[rym=-135,ry=-45] ~~~ fill ~-1 ~5 ~ ~-1 ~5 ~ air 0 replace bedwars:player_red_wool",
					"/execute @s[rym=-45,ry=45] ~~~ fill ~ ~5 ~-1 ~ ~5 ~-1 air 0 replace bedwars:player_red_wool",
					"/execute @s[rym=45,ry=135] ~~~ fill ~1 ~5 ~ ~1 ~5 ~ air 0 replace bedwars:player_red_wool",
					"/execute @s[rym=135,ry=180] ~~~ fill ~ ~5 ~1 ~ ~5 ~1 air 0 replace bedwars:player_red_wool",
					"/execute @s[rym=-180,ry=-135] ~~~ fill ~ ~5 ~1 ~ ~5 ~1 air 0 replace bedwars:player_red_wool",
					"/execute @s[rym=-135,ry=-45] ~~~ fill ~-1 ~5 ~ ~-1 ~5 ~ air 0 replace bedwars:player_blue_wool",
					"/execute @s[rym=-45,ry=45] ~~~ fill ~ ~5 ~-1 ~ ~5 ~-1 air 0 replace bedwars:player_blue_wool",
					"/execute @s[rym=45,ry=135] ~~~ fill ~1 ~5 ~ ~1 ~5 ~ air 0 replace bedwars:player_blue_wool",
					"/execute @s[rym=135,ry=180] ~~~ fill ~ ~5 ~1 ~ ~5 ~1 air 0 replace bedwars:player_blue_wool",
					"/execute @s[rym=-180,ry=-135] ~~~ fill ~ ~5 ~1 ~ ~5 ~1 air 0 replace bedwars:player_blue_wool",

					"/execute @s[rym=45,ry=135] ~~~ setblock ~1 ~5 ~ ladder 4 keep",
					"/execute @s[rym=135,ry=180] ~~~ setblock ~ ~5 ~1 ladder 2 keep",
					"/execute @s[rym=-180,ry=-135] ~~~ setblock ~ ~5 ~1 ladder 2 keep",
					"/execute @s[rym=-135,ry=-45] ~~~ setblock ~-1 ~5 ~ ladder 5 keep",
					"/execute @s[rym=-45,ry=45] ~~~ setblock ~ ~5 ~-1 ladder 3 keep"
				],
				"1.2": [
					"/execute @s[scores={fangyuta_team=1}] ~~~ fill ~-2 ~6 ~-3 ~2 ~6 ~-3 bedwars:red_wool_particle 0 keep",
					"/execute @s[scores={fangyuta_team=1}] ~~~ fill ~3 ~6 ~-2 ~3 ~6 ~2 bedwars:red_wool_particle 0 keep",
					"/execute @s[scores={fangyuta_team=1}] ~~~ fill ~2 ~6 ~3 ~-2 ~6 ~3 bedwars:red_wool_particle 0 keep",
					"/execute @s[scores={fangyuta_team=1}] ~~~ fill ~-3 ~6 ~2 ~-3 ~6 ~-2 bedwars:red_wool_particle 0 keep",
					"/execute @s[scores={fangyuta_team=2}] ~~~ fill ~-2 ~6 ~-3 ~2 ~6 ~-3 bedwars:blue_wool_particle 0 keep",
					"/execute @s[scores={fangyuta_team=2}] ~~~ fill ~3 ~6 ~-2 ~3 ~6 ~2 bedwars:blue_wool_particle 0 keep",
					"/execute @s[scores={fangyuta_team=2}] ~~~ fill ~2 ~6 ~3 ~-2 ~6 ~3 bedwars:blue_wool_particle 0 keep",
					"/execute @s[scores={fangyuta_team=2}] ~~~ fill ~-3 ~6 ~2 ~-3 ~6 ~-2 bedwars:blue_wool_particle 0 keep"
				],
				"1.4": [
					"/execute @s[scores={fangyuta_team=1}] ~~~ setblock ~-2 ~7 ~-3 bedwars:red_wool_particle 0 keep",
					"/execute @s[scores={fangyuta_team=1}] ~~~ setblock ~ ~7 ~-3 bedwars:red_wool_particle 0 keep",
					"/execute @s[scores={fangyuta_team=1}] ~~~ setblock ~2 ~7 ~-3 bedwars:red_wool_particle 0 keep",
					"/execute @s[scores={fangyuta_team=1}] ~~~ setblock ~3 ~7 ~-2 bedwars:red_wool_particle 0 keep",
					"/execute @s[scores={fangyuta_team=1}] ~~~ setblock ~3 ~7 ~ bedwars:red_wool_particle 0 keep",
					"/execute @s[scores={fangyuta_team=1}] ~~~ setblock ~3 ~7 ~2 bedwars:red_wool_particle 0 keep",
					"/execute @s[scores={fangyuta_team=1}] ~~~ setblock ~2 ~7 ~3 bedwars:red_wool_particle 0 keep",
					"/execute @s[scores={fangyuta_team=1}] ~~~ setblock ~ ~7 ~3 bedwars:red_wool_particle 0 keep",
					"/execute @s[scores={fangyuta_team=1}] ~~~ setblock ~-2 ~7 ~3 bedwars:red_wool_particle 0 keep",
					"/execute @s[scores={fangyuta_team=1}] ~~~ setblock ~-3 ~7 ~2 bedwars:red_wool_particle 0 keep",
					"/execute @s[scores={fangyuta_team=1}] ~~~ setblock ~-3 ~7 ~ bedwars:red_wool_particle 0 keep",
					"/execute @s[scores={fangyuta_team=1}] ~~~ setblock ~-3 ~7 ~-2 bedwars:red_wool_particle 0 keep",

					"/execute @s[scores={fangyuta_team=2}] ~~~ setblock ~-2 ~7 ~-3 bedwars:blue_wool_particle 0 keep",
					"/execute @s[scores={fangyuta_team=2}] ~~~ setblock ~ ~7 ~-3 bedwars:blue_wool_particle 0 keep",
					"/execute @s[scores={fangyuta_team=2}] ~~~ setblock ~2 ~7 ~-3 bedwars:blue_wool_particle 0 keep",
					"/execute @s[scores={fangyuta_team=2}] ~~~ setblock ~3 ~7 ~-2 bedwars:blue_wool_particle 0 keep",
					"/execute @s[scores={fangyuta_team=2}] ~~~ setblock ~3 ~7 ~ bedwars:blue_wool_particle 0 keep",
					"/execute @s[scores={fangyuta_team=2}] ~~~ setblock ~3 ~7 ~2 bedwars:blue_wool_particle 0 keep",
					"/execute @s[scores={fangyuta_team=2}] ~~~ setblock ~2 ~7 ~3 bedwars:blue_wool_particle 0 keep",
					"/execute @s[scores={fangyuta_team=2}] ~~~ setblock ~ ~7 ~3 bedwars:blue_wool_particle 0 keep",
					"/execute @s[scores={fangyuta_team=2}] ~~~ setblock ~-2 ~7 ~3 bedwars:blue_wool_particle 0 keep",
					"/execute @s[scores={fangyuta_team=2}] ~~~ setblock ~-3 ~7 ~2 bedwars:blue_wool_particle 0 keep",
					"/execute @s[scores={fangyuta_team=2}] ~~~ setblock ~-3 ~7 ~ bedwars:blue_wool_particle 0 keep",
					"/execute @s[scores={fangyuta_team=2}] ~~~ setblock ~-3 ~7 ~-2 bedwars:blue_wool_particle 0 keep",
					"/event entity @s bedwars:remove_mark"
				]
			}
		}
	}
}