{
	"resource_pack_name": "bedwars_resourse",
	"texture_name": "atlas.terrain",
	"padding": 8,
	"num_mip_levels": 4,
	"texture_data": {
		"buy_red_wool_block_up": {
			"textures": "textures/blocks/shop_block/planks_big_oak_up"
		},
		"buy_red_wool_block_down": {
			"textures": "textures/blocks/shop_block/planks_big_oak_down"
		},
		"buy_red_wool_block_north": {
			"textures": "textures/blocks/buy_red_wool_block"
		},
		"buy_red_wool_block_east": {
			"textures": "textures/blocks/buy_red_wool_block"
		},
		"buy_red_wool_block_south": {
			"textures": "textures/blocks/buy_red_wool_block"
		},
		"buy_red_wool_block_west": {												//WEST
			"textures": "textures/blocks/buy_red_wool_block"
		},
		"buy_blue_wool_block_up": {
			"textures": "textures/blocks/shop_block/planks_big_oak_up"
		},
		"buy_blue_wool_block_down": {
			"textures": "textures/blocks/shop_block/planks_big_oak_down"
		},
		"buy_blue_wool_block_north": {
			"textures": "textures/blocks/buy_blue_wool_block"
		},
		"buy_blue_wool_block_east": {
			"textures": "textures/blocks/buy_blue_wool_block"
		},
		"buy_blue_wool_block_south": {
			"textures": "textures/blocks/buy_blue_wool_block"
		},
		"buy_blue_wool_block_west": {												//WEST
			"textures": "textures/blocks/buy_blue_wool_block"
		},
		"buy_end_stone_block_up": {
			"textures": "textures/blocks/shop_block/planks_big_oak_up"
		},
		"buy_end_stone_block_down": {
			"textures": "textures/blocks/shop_block/planks_big_oak_down"
		},
		"buy_end_stone_block_north": {
			"textures": "textures/blocks/buy_end_stone_block"
		},
		"buy_end_stone_block_east": {
			"textures": "textures/blocks/buy_end_stone_block"
		},
		"buy_end_stone_block_south": {
			"textures": "textures/blocks/buy_end_stone_block"
		},
		"buy_end_stone_block_west": {												//WEST
			"textures": "textures/blocks/buy_end_stone_block"
		},
		"buy_planks_block_up": {
			"textures": "textures/blocks/shop_block/planks_big_oak_up"
		},
		"buy_planks_block_down": {
			"textures": "textures/blocks/shop_block/planks_big_oak_down"
		},
		"buy_planks_block_north": {
			"textures": "textures/blocks/buy_planks_block"
		},
		"buy_planks_block_east": {
			"textures": "textures/blocks/buy_planks_block"
		},
		"buy_planks_block_south": {
			"textures": "textures/blocks/buy_planks_block"
		},
		"buy_planks_block_west": {												//WEST
			"textures": "textures/blocks/buy_planks_block"
		},
		"buy_red_glass_block_up": {
			"textures": "textures/blocks/shop_block/planks_big_oak_up"
		},
		"buy_red_glass_block_down": {
			"textures": "textures/blocks/shop_block/planks_big_oak_down"
		},
		"buy_red_glass_block_north": {
			"textures": "textures/blocks/buy_red_glass_block"
		},
		"buy_red_glass_block_east": {
			"textures": "textures/blocks/buy_red_glass_block"
		},
		"buy_red_glass_block_south": {
			"textures": "textures/blocks/buy_red_glass_block"
		},
		"buy_red_glass_block_west": {												//WEST
			"textures": "textures/blocks/buy_red_glass_block"
		},
		"buy_blue_glass_block_up": {
			"textures": "textures/blocks/shop_block/planks_big_oak_up"
		},
		"buy_blue_glass_block_down": {
			"textures": "textures/blocks/shop_block/planks_big_oak_down"
		},
		"buy_blue_glass_block_north": {
			"textures": "textures/blocks/buy_blue_glass_block"
		},
		"buy_blue_glass_block_east": {
			"textures": "textures/blocks/buy_blue_glass_block"
		},
		"buy_blue_glass_block_south": {
			"textures": "textures/blocks/buy_blue_glass_block"
		},
		"buy_blue_glass_block_west": {												//WEST
			"textures": "textures/blocks/buy_blue_glass_block"
		},
		"buy_upgrade_armor_block_up": {
			"textures": "textures/blocks/shop_block/planks_big_oak_up"
		},
		"buy_upgrade_armor_block_down": {
			"textures": "textures/blocks/shop_block/planks_big_oak_down"
		},
		"buy_upgrade_armor_block_north": {
			"textures": "textures/blocks/buy_upgrade_armor_block"
		},
		"buy_upgrade_armor_block_east": {
			"textures": "textures/blocks/buy_upgrade_armor_block"
		},
		"buy_upgrade_armor_block_south": {
			"textures": "textures/blocks/buy_upgrade_armor_block"
		},
		"buy_upgrade_armor_block_west": {												//WEST
			"textures": "textures/blocks/buy_upgrade_armor_block"
		},
		"buy_upgrade_sword_block_up": {
			"textures": "textures/blocks/shop_block/planks_big_oak_up"
		},
		"buy_upgrade_sword_block_down": {
			"textures": "textures/blocks/shop_block/planks_big_oak_down"
		},
		"buy_upgrade_sword_block_north": {
			"textures": "textures/blocks/buy_upgrade_sword_block"
		},
		"buy_upgrade_sword_block_east": {
			"textures": "textures/blocks/buy_upgrade_sword_block"
		},
		"buy_upgrade_sword_block_south": {
			"textures": "textures/blocks/buy_upgrade_sword_block"
		},
		"buy_upgrade_sword_block_west": {												//WEST
			"textures": "textures/blocks/buy_upgrade_sword_block"
		},
		"buy_upgrade_pickaxe_block_up": {
			"textures": "textures/blocks/shop_block/planks_big_oak_up"
		},
		"buy_upgrade_pickaxe_block_down": {
			"textures": "textures/blocks/shop_block/planks_big_oak_down"
		},
		"buy_upgrade_pickaxe_block_north": {
			"textures": "textures/blocks/buy_upgrade_pickaxe_block"
		},
		"buy_upgrade_pickaxe_block_east": {
			"textures": "textures/blocks/buy_upgrade_pickaxe_block"
		},
		"buy_upgrade_pickaxe_block_south": {
			"textures": "textures/blocks/buy_upgrade_pickaxe_block"
		},
		"buy_upgrade_pickaxe_block_west": {												//WEST
			"textures": "textures/blocks/buy_upgrade_pickaxe_block"
		},
		"buy_upgrade_axe_block_up": {
			"textures": "textures/blocks/shop_block/planks_big_oak_up"
		},
		"buy_upgrade_axe_block_down": {
			"textures": "textures/blocks/shop_block/planks_big_oak_down"
		},
		"buy_upgrade_axe_block_north": {
			"textures": "textures/blocks/buy_upgrade_axe_block"
		},
		"buy_upgrade_axe_block_east": {
			"textures": "textures/blocks/buy_upgrade_axe_block"
		},
		"buy_upgrade_axe_block_south": {
			"textures": "textures/blocks/buy_upgrade_axe_block"
		},
		"buy_upgrade_axe_block_west": {												//WEST
			"textures": "textures/blocks/buy_upgrade_axe_block"
		},
		"buy_bow_block_up": {
			"textures": "textures/blocks/shop_block/planks_big_oak_up"
		},
		"buy_bow_block_down": {
			"textures": "textures/blocks/shop_block/planks_big_oak_down"
		},
		"buy_bow_block_north": {
			"textures": "textures/blocks/buy_bow_block"
		},
		"buy_bow_block_east": {
			"textures": "textures/blocks/buy_bow_block"
		},
		"buy_bow_block_south": {
			"textures": "textures/blocks/buy_bow_block"
		},
		"buy_bow_block_west": {												//WEST
			"textures": "textures/blocks/buy_bow_block"
		},
		"buy_arrow_block_up": {
			"textures": "textures/blocks/shop_block/planks_big_oak_up"
		},
		"buy_arrow_block_down": {
			"textures": "textures/blocks/shop_block/planks_big_oak_down"
		},
		"buy_arrow_block_north": {
			"textures": "textures/blocks/buy_arrow_block"
		},
		"buy_arrow_block_east": {
			"textures": "textures/blocks/buy_arrow_block"
		},
		"buy_arrow_block_south": {
			"textures": "textures/blocks/buy_arrow_block"
		},
		"buy_arrow_block_west": {												//WEST
			"textures": "textures/blocks/buy_arrow_block"
		},
		"team_upgrade_protection_block_up": {
			"textures": "textures/blocks/shop_block/planks_big_oak_up"
		},
		"team_upgrade_protection_block_down": {
			"textures": "textures/blocks/shop_block/planks_big_oak_down"
		},
		"team_upgrade_protection_block_north": {
			"textures": "textures/blocks/team_upgrade_protection_block"
		},
		"team_upgrade_protection_block_east": {
			"textures": "textures/blocks/team_upgrade_protection_block"
		},
		"team_upgrade_protection_block_south": {
			"textures": "textures/blocks/team_upgrade_protection_block"
		},
		"team_upgrade_protection_block_west": {												//WEST
			"textures": "textures/blocks/team_upgrade_protection_block"
		},
		"team_upgrade_sharpness_block_up": {
			"textures": "textures/blocks/shop_block/planks_big_oak_up"
		},
		"team_upgrade_sharpness_block_down": {
			"textures": "textures/blocks/shop_block/planks_big_oak_down"
		},
		"team_upgrade_sharpness_block_north": {
			"textures": "textures/blocks/team_upgrade_sharpness_block"
		},
		"team_upgrade_sharpness_block_east": {
			"textures": "textures/blocks/team_upgrade_sharpness_block"
		},
		"team_upgrade_sharpness_block_south": {
			"textures": "textures/blocks/team_upgrade_sharpness_block"
		},
		"team_upgrade_sharpness_block_west": {												//WEST
			"textures": "textures/blocks/team_upgrade_sharpness_block"
		},
		"team_upgrade_trigger_block_up": {
			"textures": "textures/blocks/shop_block/planks_big_oak_up"
		},
		"team_upgrade_trigger_block_down": {
			"textures": "textures/blocks/shop_block/planks_big_oak_down"
		},
		"team_upgrade_trigger_block_north": {
			"textures": "textures/blocks/team_upgrade_trigger_block"
		},
		"team_upgrade_trigger_block_east": {
			"textures": "textures/blocks/team_upgrade_trigger_block"
		},
		"team_upgrade_trigger_block_south": {
			"textures": "textures/blocks/team_upgrade_trigger_block"
		},
		"team_upgrade_trigger_block_west": {												//WEST
			"textures": "textures/blocks/team_upgrade_trigger_block"
		},
		"buy_golden_apple_block_up": {
			"textures": "textures/blocks/shop_block/planks_big_oak_up"
		},
		"buy_golden_apple_block_down": {
			"textures": "textures/blocks/shop_block/planks_big_oak_down"
		},
		"buy_golden_apple_block_north": {
			"textures": "textures/blocks/buy_golden_apple_block"
		},
		"buy_golden_apple_block_east": {
			"textures": "textures/blocks/buy_golden_apple_block"
		},
		"buy_golden_apple_block_south": {
			"textures": "textures/blocks/buy_golden_apple_block"
		},
		"buy_golden_apple_block_west": {												//WEST
			"textures": "textures/blocks/buy_golden_apple_block"
		},
		"buy_fireball_block_up": {
			"textures": "textures/blocks/shop_block/planks_big_oak_up"
		},
		"buy_fireball_block_down": {
			"textures": "textures/blocks/shop_block/planks_big_oak_down"
		},
		"buy_fireball_block_north": {
			"textures": "textures/blocks/buy_fireball_block"
		},
		"buy_fireball_block_east": {
			"textures": "textures/blocks/buy_fireball_block"
		},
		"buy_fireball_block_south": {
			"textures": "textures/blocks/buy_fireball_block"
		},
		"buy_fireball_block_west": {												//WEST
			"textures": "textures/blocks/buy_fireball_block"
		},
		"buy_jump_potion_block_up": {
			"textures": "textures/blocks/shop_block/planks_big_oak_up"
		},
		"buy_jump_potion_block_down": {
			"textures": "textures/blocks/shop_block/planks_big_oak_down"
		},
		"buy_jump_potion_block_north": {
			"textures": "textures/blocks/buy_jump_potion_block"
		},
		"buy_jump_potion_block_east": {
			"textures": "textures/blocks/buy_jump_potion_block"
		},
		"buy_jump_potion_block_south": {
			"textures": "textures/blocks/buy_jump_potion_block"
		},
		"buy_jump_potion_block_west": {												//WEST
			"textures": "textures/blocks/buy_jump_potion_block"
		},
		"buy_xp_bottle_block_up": {
			"textures": "textures/blocks/shop_block/planks_big_oak_up"
		},
		"buy_xp_bottle_block_down": {
			"textures": "textures/blocks/shop_block/planks_big_oak_down"
		},
		"buy_xp_bottle_block_north": {
			"textures": "textures/blocks/buy_xp_bottle_block"
		},
		"buy_xp_bottle_block_east": {
			"textures": "textures/blocks/buy_xp_bottle_block"
		},
		"buy_xp_bottle_block_south": {
			"textures": "textures/blocks/buy_xp_bottle_block"
		},
		"buy_xp_bottle_block_west": {												//WEST
			"textures": "textures/blocks/buy_xp_bottle_block"
		},
		"buy_fangyuta_block_up": {
			"textures": "textures/blocks/shop_block/planks_big_oak_up"
		},
		"buy_fangyuta_block_down": {
			"textures": "textures/blocks/shop_block/planks_big_oak_down"
		},
		"buy_fangyuta_block_north": {
			"textures": "textures/blocks/buy_fangyuta_block"
		},
		"buy_fangyuta_block_east": {
			"textures": "textures/blocks/buy_fangyuta_block"
		},
		"buy_fangyuta_block_south": {
			"textures": "textures/blocks/buy_fangyuta_block"
		},
		"buy_fangyuta_block_west": {												//WEST
			"textures": "textures/blocks/buy_fangyuta_block"
		},
		"buy_road_egg_block_up": {
			"textures": "textures/blocks/shop_block/planks_big_oak_up"
		},
		"buy_road_egg_block_down": {
			"textures": "textures/blocks/shop_block/planks_big_oak_down"
		},
		"buy_road_egg_block_north": {
			"textures": "textures/blocks/buy_road_egg_block"
		},
		"buy_road_egg_block_east": {
			"textures": "textures/blocks/buy_road_egg_block"
		},
		"buy_road_egg_block_south": {
			"textures": "textures/blocks/buy_road_egg_block"
		},
		"buy_road_egg_block_west": {												//WEST
			"textures": "textures/blocks/buy_road_egg_block"
		},
		"buy_tnt_block_up": {
			"textures": "textures/blocks/shop_block/planks_big_oak_up"
		},
		"buy_tnt_block_down": {
			"textures": "textures/blocks/shop_block/planks_big_oak_down"
		},
		"buy_tnt_block_north": {
			"textures": "textures/blocks/buy_tnt_block"
		},
		"buy_tnt_block_east": {
			"textures": "textures/blocks/buy_tnt_block"
		},
		"buy_tnt_block_south": {
			"textures": "textures/blocks/buy_tnt_block"
		},
		"buy_tnt_block_west": {												//WEST
			"textures": "textures/blocks/buy_tnt_block"
		},
		"tnt2_block_up": {
			"textures": "textures/blocks/tnt2/tnt2_top"
		},
		"tnt2_block_down": {
			"textures": "textures/blocks/tnt2/tnt2_bottom"
		},
		"tnt2_block_north": {
			"textures": "textures/blocks/tnt2/tnt2_side"
		},
		"tnt2_block_east": {
			"textures": "textures/blocks/tnt2/tnt2_side"
		},
		"tnt2_block_south": {
			"textures": "textures/blocks/tnt2/tnt2_side"
		},
		"tnt2_block_west": {												//WEST
			"textures": "textures/blocks/tnt2/tnt2_side"
		},
		"player_red_stained_glass_up": {
			"textures": "textures/blocks/player_red_stained_glass"
		},
		"player_red_stained_glass_down": {
			"textures": "textures/blocks/player_red_stained_glass"
		},
		"player_red_stained_glass_north": {
			"textures": "textures/blocks/player_red_stained_glass"
		},
		"player_red_stained_glass_east": {
			"textures": "textures/blocks/player_red_stained_glass"
		},
		"player_red_stained_glass_south": {
			"textures": "textures/blocks/player_red_stained_glass"
		},
		"player_red_stained_glass_west": {												//WEST
			"textures": "textures/blocks/player_red_stained_glass"
		},
		"player_blue_stained_glass_up": {
			"textures": "textures/blocks/player_blue_stained_glass"
		},
		"player_blue_stained_glass_down": {
			"textures": "textures/blocks/player_blue_stained_glass"
		},
		"player_blue_stained_glass_north": {
			"textures": "textures/blocks/player_blue_stained_glass"
		},
		"player_blue_stained_glass_east": {
			"textures": "textures/blocks/player_blue_stained_glass"
		},
		"player_blue_stained_glass_south": {
			"textures": "textures/blocks/player_blue_stained_glass"
		},
		"player_blue_stained_glass_west": {												//WEST
			"textures": "textures/blocks/player_blue_stained_glass"
		},
		"log_spruce2_up": {
			"textures": "textures/blocks/log_spruce2/log_spruce_top2"
		},
		"log_spruce2_down": {
			"textures": "textures/blocks/log_spruce2/log_spruce_top2"
		},
		"log_spruce2_north": {
			"textures": "textures/blocks/log_spruce2/log_spruce_side2"
		},
		"log_spruce2_east": {
			"textures": "textures/blocks/log_spruce2/log_spruce_side2"
		},
		"log_spruce2_south": {
			"textures": "textures/blocks/log_spruce2/log_spruce_side2"
		},
		"log_spruce2_west": {												//WEST
			"textures": "textures/blocks/log_spruce2/log_spruce_side2"
		},
		"map_diamond_block_up": {
			"textures": "textures/blocks/map_diamond_block"
		},
		"map_diamond_block_down": {
			"textures": "textures/blocks/map_diamond_block"
		},
		"map_diamond_block_north": {
			"textures": "textures/blocks/map_diamond_block"
		},
		"map_diamond_block_east": {
			"textures": "textures/blocks/map_diamond_block"
		},
		"map_diamond_block_south": {
			"textures": "textures/blocks/map_diamond_block"
		},
		"map_diamond_block_west": {												//WEST
			"textures": "textures/blocks/map_diamond_block"
		},
		"map_emerald_block_up": {
			"textures": "textures/blocks/map_emerald_block"
		},
		"map_emerald_block_down": {
			"textures": "textures/blocks/map_emerald_block"
		},
		"map_emerald_block_north": {
			"textures": "textures/blocks/map_emerald_block"
		},
		"map_emerald_block_east": {
			"textures": "textures/blocks/map_emerald_block"
		},
		"map_emerald_block_south": {
			"textures": "textures/blocks/map_emerald_block"
		},
		"map_emerald_block_west": {												//WEST
			"textures": "textures/blocks/map_emerald_block"
		},
		"map_white_glass": {
			"textures": "textures/blocks/map_white_glass"
		},
		"map_sand": {
			"textures": "textures/blocks/map_sand"
		},
		"player_red_wool": {
			"textures": "textures/blocks/player_red_wool"
		},
		"player_blue_wool": {
			"textures": "textures/blocks/player_blue_wool"
		},
		"player_planks": {
			"textures": "textures/blocks/player_planks"
		},
		"player_end_stone": {
			"textures": "textures/blocks/player_end_stone"
		},
		"player_obsidian": {
			"textures": "textures/blocks/player_obsidian"
		},
		"player_fangyuta": {
			"textures": "textures/blocks/player_fangyuta"
		},
		"map_prismarine_block": {
			"textures": "textures/blocks/map_prismarine_block"
		},
		"map_blue_concrete_block": {
			"textures": "textures/blocks/map_blue_concrete_block"
		},
		"map_bone_block_top": {
			"textures": "textures/blocks/map_bone_block/map_bone_block_top"
		},
		"map_bone_block_side": {
			"textures": "textures/blocks/map_bone_block/map_bone_block_side"
		},
		"map_cobbled_deepslate_block": {
			"textures": "textures/blocks/map_cobbled_deepslate_block"
		},
		"map_crying_obsidian_block": {
			"textures": "textures/blocks/map_crying_obsidian_block"
		},
		"map_cyan_concrete_block": {
			"textures": "textures/blocks/map_cyan_concrete_block"
		},
		"map_dark_prismarine_block": {
			"textures": "textures/blocks/map_dark_prismarine_block"
		},
		"map_dirt_block": {
			"textures": "textures/blocks/map_dirt_block"
		},
		"map_grass_block_top": {
			"textures": "textures/blocks/map_grass_block/map_grass_block_top"
		},
		"map_grass_block_side": {
			"textures": "textures/blocks/map_grass_block/map_grass_block_side"
		},
		"map_grass_block_bottom": {
			"textures": "textures/blocks/map_grass_block/map_grass_block_bottom"
		},
		"map_jungle_log_block_top": {
			"textures": "textures/blocks/map_jungle_log_block/map_jungle_log_block_top"
		},
		"map_jungle_log_block_side": {
			"textures": "textures/blocks/map_jungle_log_block/map_jungle_log_block_side"
		},
		"map_light_blue_concrete_block": {
			"textures": "textures/blocks/map_light_blue_concrete_block"
		},
		"map_light_blue_stained_glass_block": {
			"textures": "textures/blocks/map_light_blue_stained_glass_block"
		},
		"map_obsidian_block": {
			"textures": "textures/blocks/map_obsidian_block"
		},
		"map_prismarine_brick_block": {
			"textures": "textures/blocks/map_prismarine_brick_block"
		},
		"map_red_concrete_block": {
			"textures": "textures/blocks/map_red_concrete_block"
		},
		"map_red_sandstone_block_top": {
			"textures": "textures/blocks/map_red_sandstone_block/map_red_sandstone_block_top"
		},
		"map_red_sandstone_block_side": {
			"textures": "textures/blocks/map_red_sandstone_block/map_red_sandstone_block_side"
		},
		"map_sandstone_block_top": {
			"textures": "textures/blocks/map_sandstone_block/map_sandstone_block_top"
		},
		"map_sandstone_block_side": {
			"textures": "textures/blocks/map_sandstone_block/map_sandstone_block_side"
		},
		"map_sea_lantern_block": {
			"textures": "textures/blocks/map_sea_lantern_block"
		},
		"map_stone_block": {
			"textures": "textures/blocks/map_stone_block"
		},
		"map_white_concrete_block": {
			"textures": "textures/blocks/map_white_concrete_block"
		},
		"map_white_wool_block": {
			"textures": "textures/blocks/map_white_wool_block"
		},
		"map_yellow_concrete_block": {
			"textures": "textures/blocks/map_yellow_concrete_block"
		},
		"map_green_concrete_block": {
			"textures": "textures/blocks/map_green_concrete_block"
		},
		"red_bed_foot": {
			"textures": "textures/blocks/red_bed_foot"
		},
		"red_bed_head": {
			"textures": "textures/blocks/red_bed_head"
		},
		"blue_bed_foot": {
			"textures": "textures/blocks/blue_bed_foot"
		},
		"blue_bed_head": {
			"textures": "textures/blocks/blue_bed_head"
		},
		"yellow_bed_foot": {
			"textures": "textures/blocks/yellow_bed_foot"
		},
		"yellow_bed_head": {
			"textures": "textures/blocks/yellow_bed_head"
		},
		"green_bed_foot": {
			"textures": "textures/blocks/green_bed_foot"
		},
		"green_bed_head": {
			"textures": "textures/blocks/green_bed_head"
		}
		
















		
	}
}