{
	"format_version": "1.12.0",
	"minecraft:geometry": [
		{
			"description": {
				"identifier": "geometry.green_bed_head",
				"texture_width": 64,
				"texture_height": 64,
				"visible_bounds_width": 4,
				"visible_bounds_height": 2.5,
				"visible_bounds_offset": [0, 0.75, 0]
			},
			"bones": [
				{
					"name": "bed_head",
					"pivot": [-8, 8, 8]
				},
				{
					"name": "head",
					"parent": "bed_head",
					"pivot": [0, 0, 0]
				},
				{
					"name": "bone",
					"pivot": [0, 0, 0],
					"cubes": [
						{
							"origin": [-8, 3, -8],
							"size": [16, 6, 16],
							"pivot": [0, 0, 0],
							"rotation": [0, -90, 0],
							"uv": {
								"east": {"uv": [32, 14], "uv_size": [-32, 12]},
								"south": {"uv": [0, 0], "uv_size": [0, 0]},
								"west": {"uv": [0, 14], "uv_size": [32, 12]},
								"up": {"uv": [0, 14], "uv_size": [28, -14]}
							}
						},
						{
							"origin": [5, 0, 5],
							"size": [3, 3, 3],
							"pivot": [0, 0, 0],
							"rotation": [0, -90, 0],
							"uv": {
								"north": {"uv": [32, 34], "uv_size": [6, 6]},
								"east": {"uv": [52, 52], "uv_size": [12, 12]},
								"south": {"uv": [32, 26], "uv_size": [6, 6]},
								"west": {"uv": [58, 26], "uv_size": [6, 6]},
								"down": {"uv": [38, 32], "uv_size": [-6, -6]}
							}
						},
						{
							"origin": [-8, 0, 5],
							"size": [3, 3, 3],
							"pivot": [0, 0, 0],
							"rotation": [0, -90, 0],
							"uv": {
								"north": {"uv": [32, 26], "uv_size": [6, 6]},
								"east": {"uv": [26, 26], "uv_size": [6, 6]},
								"south": {"uv": [58, 26], "uv_size": [6, 6]},
								"west": {"uv": [32, 26], "uv_size": [6, 6]},
								"down": {"uv": [38, 32], "uv_size": [-6, -6]}
							}
						},
						{
							"origin": [-8, 9, -8],
							"size": [16, 0, 16],
							"pivot": [0, 0, 0],
							"rotation": [0, 0, 0],
							"uv": {
								"north": {"uv": [0, 0], "uv_size": [16, 0]},
								"east": {"uv": [0, 0], "uv_size": [16, 0]},
								"south": {"uv": [0, 0], "uv_size": [16, 0]},
								"west": {"uv": [0, 0], "uv_size": [16, 0]},
								"up": {"uv": [32, 64], "uv_size": [-32, -32]}
							}
						},
						{
							"origin": [-8, 3, 8],
							"size": [16, 6, 0],
							"pivot": [0, 0, 0],
							"rotation": [0, -90, 0],
							"uv": {
								"east": {"uv": [60, 16], "uv_size": [4, 48]},
								"south": {"uv": [30, 14], "uv_size": [34, 12]},
								"west": {"uv": [0, 16], "uv_size": [4, 48]},
								"up": {"uv": [64, 4], "uv_size": [-64, -4]},
								"down": {"uv": [64, 64], "uv_size": [-64, -4]}
							}
						},
						{
							"origin": [-8, 3, -8],
							"size": [16, 0, 16],
							"pivot": [0, 0, 0],
							"rotation": [0, -90, 0],
							"uv": {
								"north": {"uv": [0, 0], "uv_size": [64, 64]},
								"east": {"uv": [0, 0], "uv_size": [13, 0]},
								"south": {"uv": [0, 0], "uv_size": [16, 0]},
								"west": {"uv": [0, 0], "uv_size": [13, 0]},
								"down": {"uv": [64, 64], "uv_size": [-32, -32]}
							}
						}
					]
				}
			]
		}
	]
}