{
	"format_version": "1.12.0",
	"minecraft:geometry": [
		{
			"description": {
				"identifier": "geometry.yellow_bed_foot",
				"texture_width": 16,
				"texture_height": 16,
				"visible_bounds_width": 4,
				"visible_bounds_height": 2.5,
				"visible_bounds_offset": [0, 0.75, 0]
			},
			"bones": [
				{
					"name": "bone",
					"pivot": [0, 0, 0],
					"rotation": [0, 90, 0],
					"cubes": [
						{
							"origin": [-8, 3, -8],
							"size": [16, 6, 16],
							"uv": {
								"north": {"uv": [8, 3.5], "uv_size": [8, 3]},
								"east": {"uv": [8, 3.5], "uv_size": [-8, 3]},
								"west": {"uv": [0, 3.5], "uv_size": [8, 3]},
								"up": {"uv": [8, 8], "uv_size": [-8, 8]},
								"down": {"uv": [16, 16], "uv_size": [-8, -8]}
							}
						},
						{
							"origin": [-8, 0, -8],
							"size": [3, 3, 3],
							"uv": {
								"north": {"uv": [0, 6.5], "uv_size": [1.5, 1.5]},
								"east": {"uv": [1.5, 6.5], "uv_size": [-1.5, 1.5]},
								"south": {"uv": [8, 8.5], "uv_size": [1.5, 1.5]},
								"west": {"uv": [8, 8.5], "uv_size": [1.5, 1.5]},
								"up": {"uv": [0, 0], "uv_size": [0, 0]},
								"down": {"uv": [9.5, 10.5], "uv_size": [-1.5, -1.5]}
							}
						},
						{
							"origin": [5, 0, -8],
							"size": [3, 3, 3],
							"uv": {
								"north": {"uv": [14.5, 6.5], "uv_size": [1.5, 1.5]},
								"east": {"uv": [9.5, 8.5], "uv_size": [-1.5, 1.5]},
								"south": {"uv": [8, 8.5], "uv_size": [1.5, 1.5]},
								"west": {"uv": [8, 6.5], "uv_size": [1.5, 1.5]},
								"up": {"uv": [0, 0], "uv_size": [0, 0]},
								"down": {"uv": [9.5, 10.5], "uv_size": [-1.5, -1.5]}
							}
						}
					]
				}
			]
		}
	]
}